Reward_ID,Item_ID,Min_Count,Max_Count,Probability,Is_Fixed
09001,10101,1,3,0.78,0
09002,10102,1,2,0.19,0
09003,10103,1,1,0.025,0
09004,10104,1,1,0.003,0
09005,10105,1,1,0.002,0
09006,10101,1,3,0.74,0
09007,10102,1,2,0.21,0
09008,10103,1,2,0.045,0
09009,10104,1,1,0.003,0
09010,10105,1,1,0.002,0
09011,10101,1,3,0.67,0
09012,10102,1,3,0.24,0
09013,10103,1,2,0.075,0
09014,10104,1,1,0.012,0
09015,10105,1,1,0.003,0
09016,10101,1,3,0.59,0
09017,10102,1,3,0.26,0
09018,10103,1,2,0.12,0
09019,10104,1,1,0.025,0
09020,10105,1,1,0.005,0
09021,10101,1,3,0.52,0
09022,10102,1,3,0.26,0
09023,10103,1,2,0.14,0
09024,10104,1,1,0.065,0
09025,10105,1,1,0.015,0
09026,10106,1,2,0.85,0
09027,10106,1,3,0.9,0
09028,10106,1,3,0.92,0
09029,10106,1,4,0.94,0
09030,10106,1,5,0.96,0
09031,10212,1,1,1,1
09032,1601,110,180,1,1
09033,1601,120,200,1,1
09034,1601,130,210,1,1
09035,1601,140,230,1,1
09036,1601,150,240,1,1
09037,1601,160,260,1,1
09038,1601,170,270,1,1
09039,1601,180,290,1,1
09040,1601,190,300,1,1
09041,1601,200,320,1,1
09042,1601,210,330,1,1
09043,1601,220,340,1,1
09044,1601,230,360,1,1
09045,1601,240,370,1,1
09046,1601,250,390,1,1
09047,1601,260,400,1,1
09048,1601,270,420,1,1
09049,1601,280,430,1,1
09050,1601,290,450,1,1
09051,1601,300,460,1,1
09052,1601,310,470,1,1
09053,1601,320,490,1,1
09054,1601,330,500,1,1
09055,1601,340,520,1,1
09056,1601,350,530,1,1
09057,1601,360,550,1,1
09058,1601,370,560,1,1
09059,1601,380,580,1,1
09060,1601,390,590,1,1
09061,1601,400,600,1,1
09062,1602,28,38,1,1
09063,1602,30,40,1,1
09064,1602,33,43,1,1
09065,1602,35,45,1,1
09066,1602,37,47,1,1
09067,1602,40,50,1,1
09068,1602,42,52,1,1
09069,1602,44,54,1,1
09070,1602,46,56,1,1
09071,1602,49,59,1,1
09072,1602,51,61,1,1
09073,1602,53,63,1,1
09074,1602,56,66,1,1
09075,1602,58,68,1,1
09076,1602,60,70,1,1
09077,1602,63,73,1,1
09078,1602,65,75,1,1
09079,1602,67,77,1,1
09080,1602,70,80,1,1
09081,1602,72,82,1,1
09082,1602,74,84,1,1
09083,1602,76,86,1,1
09084,1602,79,89,1,1
09085,1602,81,91,1,1
09086,1602,83,93,1,1
09087,1602,86,96,1,1
09088,1602,88,98,1,1
09089,1602,90,100,1,1
09090,1602,93,103,1,1
09091,1602,95,105,1,1
09092,1603,1,1,0.1,0
09093,1603,1,1,0.15,0
09094,1603,1,1,0.2,0
09095,0,0,0,0,0
09096,0,0,0,0,0
09097,0,0,0,0,0
09098,0,0,0,0,0
09099,0,0,0,0,0
09100,10101,3,6,0.7,0
09101,10102,2,5,0.2,0
09102,10103,2,4,0.07,0
09103,10104,2,3,0.025,0
09104,10105,1,2,0.005,0
09105,10106,1,3,1,1
09106,10207,1,2,1,1
09107,10208,1,2,1,1
09108,10209,1,2,1,1
09109,10210,1,2,1,1
09110,10211,1,2,1,1
09111,10313,1,2,1,1
09112,10114,1,2,1,1
09113,1601,2000,5000,1,1
09114,1601,200,200,1,1
09115,1601,300,300,1,1
09116,1601,400,400,1,1
09117,1601,500,500,1,1
09118,1601,700,700,1,1
09119,1601,800,800,1,1
09120,1601,900,900,1,1
09121,1601,1000,1000,1,1
09122,1601,1100,1100,1,1
09123,1601,1200,1200,1,1
09124,1601,1300,1300,1,1
09125,1601,1400,1400,1,1
09126,1601,1500,1500,1,1
09127,1601,1600,1600,1,1
09128,1601,1700,1700,1,1
09129,1601,1800,1800,1,1
09130,1601,1900,1900,1,1
09131,1601,2000,2000,1,1
09132,1601,2500,2500,1,1
09133,1601,3000,3000,1,1
09134,10106,1,1,1,1
09135,10106,2,2,1,1
09136,10106,5,5,1,1
09137,10114,1,1,1,1
09138,10114,2,2,1,1
09139,10114,3,3,1,1
09140,1604,5,5,1,1
09141,1604,15,15,1,1
09142,1604,30,30,1,1
09143,1603,1,1,1,1
09144,1603,2,2,1,1
09145,1603,3,3,1,1
09146,1603,5,5,1,1
09147,1603,10,10,1,1
09148,10212,1,1,1,1
09149,0,0,0,0,0
09150,0,0,0,0,0
09151,0,0,0,0,0
09152,0,0,0,0,0
09153,0,0,0,0,0
09154,0,0,0,0,0
09155,0,0,0,0,0
09156,0,0,0,0,0
09157,0,0,0,0,0
09158,0,0,0,0,0
09159,0,0,0,0,0
09160,0,0,0,0,0
09161,0,0,0,0,0
09162,0,0,0,0,0
09163,0,0,0,0,0
09164,1605,60,60,1,1
09165,1605,260,260,1,1
09166,1605,500,500,1,1
09167,1605,1000,1000,1,1
09168,1605,1350,1350,1,1
09169,1605,2840,2840,1,1
09170,1601,14000,14000,1,1
09171,1601,52000,52000,1,1
09172,1601,112000,112000,1,1
09173,1601,224000,224000,1,1
09174,1601,300000,300000,1,1
09175,1601,580000,580000,1,1
09176,1607,13,13,1,1
09177,1607,42,42,1,1
09178,1607,100,100,1,1
09179,1607,156,156,1,1
09180,1607,258,258,1,1
09181,1607,504,504,1,1
09182,1604,40,40,1,1
09183,1604,140,140,1,1
09184,1604,260,260,1,1
09185,1604,420,420,1,1
09186,1604,700,700,1,1
09187,1604,1400,1400,1,1
09188,10215,2,2,1,1
09189,10216,2,2,1,1
09190,10217,2,2,1,1
09191,10218,2,2,1,1
09192,10219,2,2,1,1
09193,10220,2,2,1,1
09194,10221,2,2,1,1
09195,10222,2,2,1,1
09196,10223,2,2,1,1
09197,10224,2,2,1,1
09198,10225,2,2,1,1
09199,10226,2,2,1,1
09200,10227,2,2,1,1
09201,10228,2,2,1,1
09202,10229,2,2,1,1
09203,10230,2,2,1,1
09204,10231,2,2,1,1
09205,10232,2,2,1,1
09206,10233,2,2,1,1
09207,10234,2,2,1,1
09208,10215,3,3,1,1
09209,10216,3,3,1,1
09210,10217,3,3,1,1
09211,10218,3,3,1,1
09212,10219,3,3,1,1
09213,10220,3,3,1,1
09214,10221,3,3,1,1
09215,10222,3,3,1,1
09216,10223,3,3,1,1
09217,10224,3,3,1,1
09218,10225,3,3,1,1
09219,10226,3,3,1,1
09220,10227,3,3,1,1
09221,10228,3,3,1,1
09222,10229,3,3,1,1
09223,10230,3,3,1,1
09224,10231,3,3,1,1
09225,10232,3,3,1,1
09226,10233,3,3,1,1
09227,10234,3,3,1,1
09228,10207,10,10,1,1
09229,10208,10,10,1,1
09230,10209,10,10,1,1
09231,10210,10,10,1,1
09232,10211,10,10,1,1
09233,10212,1,1,1,1
09234,1601,20000,20000,1,1
09235,1601,40000,40000,1,1
09236,1605,20,20,1,1
09237,1605,30,30,1,1
09238,1605,120,120,1,1
09239,1605,200,200,1,1
09240,1605,500,500,1,1
09241,1607,10,10,1,1
09242,1607,20,20,1,1
09243,1607,30,30,1,1
09244,1607,50,50,1,1
09245,1604,20,20,1,1
09246,1604,50,50,1,1
09247,1604,12,12,1,1
09248,1605,15,15,1,1
09249,1601,500,500,1,1
09250,1601,5000,5000,1,1
09251,1601,10000,10000,1,1
09252,1601,5000,5000,1,1
09253,10101,5,5,1,1
09254,10106,2,2,1,1
09255,1601,6000,6000,1,1
09256,10102,3,3,1,1
09257,10106,2,2,1,1
09258,1601,7000,7000,1,1
09259,10102,3,3,1,1
09260,10106,2,2,1,1
09261,1601,8000,8000,1,1
09262,10103,2,2,1,1
09263,10114,1,1,1,1
09264,1601,12000,12000,1,1
09265,1605,30,30,1,1
09266,1603,20,20,1,1
09267,1601,10000,10000,1,1
09268,10103,2,2,1,1
09269,10212,1,1,1,1
09270,1601,11000,11000,1,1
09271,10104,1,1,1,1
09272,10106,2,2,1,1
09273,1601,12000,12000,1,1
09274,10104,1,1,1,1
09275,10313,1,1,1,1
09276,1601,13000,13000,1,1
09277,10105,1,1,1,1
09278,10114,1,1,1,1
09279,1601,18000,18000,1,1
09280,1605,20,20,1,1
09281,1604,50,50,1,1
