Bookmark_ID,Bookmark_Name_ID,Grade_ID,Option_ID,Skill_ID
11001,80320210,1501,1301001,0
11002,80320210,1501,1301002,0
11003,80320210,1501,1301003,0
11004,80320210,1502,1301004,0
11005,80320210,1502,1301005,0
11006,80320210,1502,1301006,0
11007,80320210,1502,1301007,0
11008,80320210,1503,1301008,0
11009,80320210,1503,1301009,0
11010,80320210,1503,1301010,0
11011,80320210,1504,1301011,0
11012,80320210,1504,1301012,0
11013,80320210,1504,1301013,0
11014,80320210,1505,1301014,0
11015,80320210,1505,1301015,0
11016,80320210,1505,1301016,0
11017,80320210,1505,1301017,0
11018,80320214,1502,0,39002
11019,80320215,1502,0,39003
11020,80320216,1502,0,39004
11021,80320217,1502,0,39005
11022,80320218,1501,0,39006
11023,80320219,1501,0,39007
11024,80320220,1502,0,39008
11025,80320221,1502,0,39009
11026,80320222,1501,0,39010
11027,80320223,1503,0,39011
11028,80320224,1502,0,39012
11029,80320225,1503,0,39013
11030,80320226,1503,0,39014
11031,80320227,1502,0,39015
11032,80320228,1505,0,39016
11033,80320229,1503,0,39017
11034,80320230,1501,0,39018
11035,80320231,1501,0,39019
11036,80320232,1501,0,39020
11037,80320233,1504,0,39021
11038,80320234,1502,0,39022
11039,80320235,1504,0,39023
11040,80320236,1503,0,39024
11041,80320237,1504,0,39025
11042,80320238,1504,0,39026
11043,80320239,1504,0,39027
11044,80320240,1505,0,39028
11045,80320241,1505,0,39029
11046,80320242,1505,0,39030
11067,80320263,1501,1302018,0
11068,80320263,1501,1302019,0
11069,80320263,1501,1302020,0
11070,80320263,1502,1302021,0
11071,80320263,1502,1302022,0
11072,80320263,1502,1302023,0
11073,80320263,1502,1302024,0
11074,80320263,1503,1302025,0
11075,80320263,1503,1302026,0
11076,80320263,1503,1302027,0
11077,80320263,1504,1302028,0
11078,80320263,1504,1302029,0
11079,80320263,1504,1302030,0
11080,80320263,1505,1302031,0
11081,80320263,1505,1302032,0
11082,80320263,1505,1302033,0
11083,80320263,1505,1302034,0
11084,80320264,1501,1303035,0
11085,80320264,1501,1303036,0
11086,80320264,1501,1303037,0
11087,80320264,1502,1303038,0
11088,80320264,1502,1303039,0
11089,80320264,1502,1303040,0
11090,80320264,1502,1303041,0
11091,80320264,1503,1303042,0
11092,80320264,1503,1303043,0
11093,80320264,1503,1303044,0
11094,80320264,1504,1303045,0
11095,80320264,1504,1303046,0
11096,80320264,1504,1303047,0
11097,80320264,1505,1303048,0
11098,80320264,1505,1303049,0
11099,80320264,1505,1303050,0
11100,80320264,1505,1303051,0
11101,80320265,1501,1304052,0
11102,80320265,1501,1304053,0
11103,80320265,1501,1304054,0
11104,80320265,1502,1304055,0
11105,80320265,1502,1304056,0
11106,80320265,1502,1304057,0
11107,80320265,1502,1304058,0
11108,80320265,1503,1304059,0
11109,80320265,1503,1304060,0
11110,80320265,1503,1304061,0
11111,80320265,1504,1304062,0
11112,80320265,1504,1304063,0
11113,80320265,1504,1304064,0
11114,80320265,1505,1304065,0
11115,80320265,1505,1304066,0
11116,80320265,1505,1304067,0
11117,80320265,1505,1304068,0
11118,80320266,1501,1305069,0
11119,80320266,1501,1305070,0
11120,80320266,1501,1305071,0
11121,80320266,1502,1305072,0
11122,80320266,1502,1305073,0
11123,80320266,1502,1305074,0
11124,80320266,1502,1305075,0
11125,80320266,1503,1305076,0
11126,80320266,1503,1305077,0
11127,80320266,1503,1305078,0
11128,80320266,1504,1305079,0
11129,80320266,1504,1305080,0
11130,80320266,1504,1305081,0
11131,80320266,1505,1305082,0
11132,80320266,1505,1305083,0
11133,80320266,1505,1305084,0
11134,80320266,1505,1305085,0
11135,80320267,1501,1306086,0
11136,80320267,1501,1306087,0
11137,80320267,1501,1306088,0
11138,80320267,1502,1306089,0
11139,80320267,1502,1306090,0
11140,80320267,1502,1306091,0
11141,80320267,1502,1306092,0
11142,80320267,1503,1306093,0
11143,80320267,1503,1306094,0
11144,80320267,1503,1306095,0
11145,80320267,1504,1306096,0
11146,80320267,1504,1306097,0
11147,80320267,1504,1306098,0
11148,80320267,1505,1306099,0
11149,80320267,1505,1306100,0
11150,80320268,1501,1306101,0
11151,80320268,1501,1306102,0
11152,80320268,1501,1306103,0
11153,80320268,1502,1306104,0
11154,80320268,1502,1306105,0
11155,80320268,1502,1306106,0
11156,80320268,1502,1306107,0
11157,80320268,1503,1306108,0
11158,80320268,1503,1306109,0
11159,80320268,1503,1306110,0
11160,80320268,1504,1306111,0
11161,80320268,1504,1306112,0
11162,80320268,1504,1306113,0
11163,80320268,1505,1306114,0
11164,80320268,1505,1306115,0
11165,80320269,1501,1306116,0
11166,80320269,1501,1306117,0
11167,80320269,1501,1306118,0
11168,80320269,1502,1306119,0
11169,80320269,1502,1306120,0
11170,80320269,1502,1306121,0
11171,80320269,1502,1306122,0
11172,80320269,1503,1306123,0
11173,80320269,1503,1306124,0
11174,80320269,1503,1306125,0
11175,80320269,1504,1306126,0
11176,80320269,1504,1306127,0
11177,80320269,1504,1306128,0
11178,80320269,1505,1306129,0
11179,80320269,1505,1306130,0
11180,80320270,1501,1306131,0
11181,80320270,1501,1306132,0
11182,80320270,1501,1306133,0
11183,80320270,1502,1306134,0
11184,80320270,1502,1306135,0
11185,80320270,1502,1306136,0
11186,80320270,1502,1306137,0
11187,80320270,1503,1306138,0
11188,80320270,1503,1306139,0
11189,80320270,1503,1306140,0
11190,80320270,1504,1306141,0
11191,80320270,1504,1306142,0
11192,80320270,1504,1306143,0
11193,80320270,1505,1306144,0
11194,80320270,1505,1306145,0
11195,80320271,1501,1306146,0
11196,80320271,1501,1306147,0
11197,80320271,1501,1306148,0
11198,80320271,1502,1306149,0
11199,80320271,1502,1306150,0
11200,80320271,1502,1306151,0
11201,80320271,1502,1306152,0
11202,80320271,1503,1306153,0
11203,80320271,1503,1306154,0
11204,80320271,1503,1306155,0
11205,80320271,1504,1306156,0
11206,80320271,1504,1306157,0
11207,80320271,1504,1306158,0
11208,80320271,1505,1306159,0
11209,80320271,1505,1306160,0
11210,80320272,1501,1307161,0
11211,80320272,1501,1307162,0
11212,80320272,1501,1307163,0
11213,80320272,1502,1307164,0
11214,80320272,1502,1307165,0
11215,80320272,1502,1307166,0
11216,80320272,1502,1307167,0
11217,80320272,1503,1307168,0
11218,80320272,1503,1307169,0
11219,80320272,1503,1307170,0
11220,80320272,1504,1307171,0
11221,80320272,1504,1307172,0
11222,80320272,1504,1307173,0
11223,80320272,1505,1307174,0
11224,80320272,1505,1307175,0
11225,80320272,1505,1307176,0
11226,80320272,1505,1307177,0
11227,80320273,1501,1308178,0
11228,80320273,1501,1308179,0
11229,80320273,1501,1308180,0
11230,80320273,1502,1308181,0
11231,80320273,1502,1308182,0
11232,80320273,1502,1308183,0
11233,80320273,1502,1308184,0
11234,80320273,1503,1308185,0
11235,80320273,1503,1308186,0
11236,80320273,1503,1308187,0
11237,80320273,1504,1308188,0
11238,80320273,1504,1308189,0
11239,80320273,1504,1308190,0
11240,80320273,1505,1308191,0
11241,80320273,1505,1308192,0
11242,80320273,1505,1308193,0
11243,80320273,1505,1308194,0
11244,80320275,1501,1310195,0
11245,80320275,1501,1310196,0
11246,80320275,1501,1310197,0
11247,80320275,1502,1310198,0
11248,80320275,1502,1310199,0
11249,80320275,1502,1310200,0
11250,80320275,1502,1310201,0
11251,80320275,1503,1310202,0
11252,80320275,1503,1310203,0
11253,80320275,1503,1310204,0
11254,80320275,1504,1310205,0
11255,80320275,1504,1310206,0
11256,80320275,1504,1310207,0
11257,80320275,1505,1310208,0
11258,80320275,1505,1310209,0
11259,80320275,1505,1310210,0
11260,80320275,1505,1310211,0
11261,80320276,1501,1311212,0
11262,80320276,1501,1311213,0
11263,80320276,1501,1311214,0
11264,80320276,1502,1311215,0
11265,80320276,1502,1311216,0
11266,80320276,1502,1311217,0
11267,80320276,1502,1311218,0
11268,80320276,1503,1311219,0
11269,80320276,1503,1311220,0
11270,80320276,1503,1311221,0
11271,80320276,1504,1311222,0
11272,80320276,1504,1311223,0
11273,80320276,1504,1311224,0
11274,80320276,1505,1311225,0
11275,80320276,1505,1311226,0
11276,80320276,1505,1311227,0
11277,80320276,1505,1311228,0
11278,80320277,1501,1312229,0
11279,80320277,1501,1312230,0
11280,80320277,1501,1312231,0
11281,80320277,1502,1312232,0
11282,80320277,1502,1312233,0
11283,80320277,1502,1312234,0
11284,80320277,1502,1312235,0
11285,80320277,1503,1312236,0
11286,80320277,1503,1312237,0
11287,80320277,1503,1312238,0
11288,80320277,1504,1312239,0
11289,80320277,1504,1312240,0
11290,80320277,1504,1312241,0
11291,80320277,1505,1312242,0
11292,80320277,1505,1312243,0
11293,80320277,1505,1312244,0
11294,80320277,1505,1312245,0
11295,80320278,1501,1313246,0
11296,80320278,1501,1313247,0
11297,80320278,1501,1313248,0
11298,80320278,1502,1313249,0
11299,80320278,1502,1313250,0
11300,80320278,1502,1313251,0
11301,80320278,1502,1313252,0
11302,80320278,1503,1313253,0
11303,80320278,1503,1313254,0
11304,80320278,1503,1313255,0
11305,80320278,1504,1313256,0
11306,80320278,1504,1313257,0
11307,80320278,1504,1313258,0
11308,80320278,1505,1313259,0
11309,80320278,1505,1313260,0
11310,80320278,1505,1313261,0
11311,80320278,1505,1313262,0
11312,80320279,1501,1314263,0
11313,80320279,1501,1314264,0
11314,80320279,1501,1314265,0
11315,80320279,1502,1314266,0
11316,80320279,1502,1314267,0
11317,80320279,1502,1314268,0
11318,80320279,1502,1314269,0
11319,80320279,1503,1314270,0
11320,80320279,1503,1314271,0
11321,80320279,1503,1314272,0
11322,80320279,1504,1314273,0
11323,80320279,1504,1314274,0
11324,80320279,1504,1314275,0
11325,80320279,1505,1314276,0
11326,80320279,1505,1314277,0
11327,80320279,1505,1314278,0
11328,80320279,1505,1314279,0
11329,80320280,1501,1315280,0
11330,80320280,1501,1315281,0
11331,80320280,1501,1315282,0
11332,80320280,1502,1315283,0
11333,80320280,1502,1315284,0
11334,80320280,1502,1315285,0
11335,80320280,1502,1315286,0
11336,80320280,1503,1315287,0
11337,80320280,1503,1315288,0
11338,80320280,1503,1315289,0
11339,80320280,1504,1315290,0
11340,80320280,1504,1315291,0
11341,80320280,1504,1315292,0
11342,80320280,1505,1315293,0
11343,80320280,1505,1315294,0
11344,80320280,1505,1315295,0
11345,80320280,1505,1315296,0
11346,80320281,1501,1316297,0
11347,80320281,1501,1316298,0
11348,80320281,1501,1316299,0
11349,80320281,1502,1316300,0
11350,80320281,1502,1316301,0
11351,80320281,1502,1316302,0
11352,80320281,1502,1316303,0
11353,80320281,1503,1316304,0
11354,80320281,1503,1316305,0
11355,80320281,1503,1316306,0
11356,80320281,1504,1316307,0
11357,80320281,1504,1316308,0
11358,80320281,1504,1316309,0
11359,80320281,1505,1316310,0
11360,80320281,1505,1316311,0
11361,80320281,1505,1316312,0
11362,80320281,1505,1316313,0
